Money(raw),Sum,Total Funding in GBP,Funding in GBP,Funding in EUR,Funding in USD,Currencies,Economic Benefit,SpinOff,KTP,Countries,Collaborations,Merge,Acquisition,IndustrialUse,AcademicUse,GovUse,PublicUse,Open Source,Policy Influence,Standard,Public Well Being,Public Service Delivery,Improved accessibility,Improved Workforce,Economic impacts,Changed public attitudes,Solutions to societal problems,Improved Env. Sustainability,Improved regulatory environment,Public Engagement,Patent,Award,Clinical Trial,People Affected,ref 1,ref 2,ref 3,ref 4,ref 5,ref 6,ref7,Reference Cite,r1,r2,r3,r4,r5,r6,Citation_2014,CitationChange,StartYears,Duration,ImpactType Cultural,ImpactType Economic,ImpactType Environmental,ImpactType Health,ImpactType Legal,ImpactType Political,ImpactType Societal,ImpactType Technological,Uni_Outputs,Funders,NumOfCases,Research Income,Degree,FTE,2008GPA,Percentageof4(Overall),GPA(Overall),ResearchPower(Overall),Percentageof4(Output),GPA(Output),Percentageof4(Impact),GPA(Impact),Score,Score_4,Score_9,Score_9s,Discrete Variance
4436000,2320496,2320496,0,1430000,2200000,2,0,0,0,,0,0,0,0,1,0,0,1,0,0,0,1,0,1,0,0,0,0,0,1,0,3,0,798200,75,232,26,10,15,0,0,358,0,0,0,0,0,0,0,358,2005,9,0,0,0,0,0,0,1,0,117,1,4,4976773,41.5,29.1,2.75,18,2.97,86,18,2.85,30,3.3,3.3,3,3.5,7,0.21
1986500,5478511,1413471,559000,1051000,0,2,4065040,0,0,,5,0,0,6,0,1,0,1,0,2,0,0,0,0,0,0,0,0,1,1,0,0,0,14000,24,37,15,58,31,4,0,169,0,0,0,0,0,0,0,169,2001,13,0,0,0,0,0,0,0,1,117,3,4,4976773,41.5,29.1,2.75,18,2.97,86,18,2.85,30,3.3,3.3,3,3.5,7,0.21
1118000,1574447,1574447,559000,1249000,0,2,0,0,2,,4,0,0,3,0,0,0,2,0,0,0,1,0,0,0,0,0,0,0,0,0,0,0,72423,13,14,33,25,37,118,0,240,0,0,0,0,0,0,0,240,2003,11,0,0,0,0,0,0,0,1,117,1,4,4976773,41.5,29.1,2.75,18,2.97,86,18,2.85,30,3.3,3.3,3,3.5,7,0.21
669330,669330,669330,669330,0,0,1,0,0,0,,1,0,0,5,1,0,0,2,0,0,0,0,0,0,0,0,0,0,0,0,1,0,0,198669,66,39,19,38,15,11,0,188,0,0,0,0,0,0,0,188,1993,21,0,0,0,0,0,0,0,1,117,1,4,4976773,41.5,29.1,2.75,18,2.97,86,18,2.85,30,3.3,3.3,3,3.5,7,0.21
0,1583143,1583143,0,1947267,0,1,0,0,0,,1,0,0,2,0,0,1,0,0,0,1,1,0,0,0,1,0,0,0,1,2,0,0,0,14,6,33,3,0,0,0,56,0,0,0,0,0,0,0,56,2007,7,0,0,0,0,0,0,0,1,28,0,2,622000,7,6.4,2.35,5,2.04,13,7,2.32,0,1.2,1.2,1,1,2,0.16
116044,116044,116044,116044,0,0,1,0,0,2,,2,0,0,1,0,0,0,0,0,0,0,0,0,0,0,0,0,0,0,0,0,0,0,0,26,14,18,0,151,0,0,209,0,0,0,0,0,0,0,209,2005,9,0,0,0,0,0,0,0,1,28,0,2,622000,7,6.4,2.35,5,2.04,13,7,2.32,0,1.2,1.2,1,1,2,0.16
8000,8000,8000,8000,0,0,1,0,0,0,,0,0,0,3,0,0,1,0,0,0,1,1,0,1,0,0,0,0,0,1,0,0,0,850,66,24,17,3,0,0,0,110,0,0,0,0,0,0,0,110,1994,20,0,0,0,0,0,0,1,0,94,2,3,5469673,36,24,3.05,35,3.32,80,39,3.35,40,3.4,3.4,3,3.5,7,0.24
0,1544715,1544715,0,1900000,0,1,0,0,0,,1,0,0,5,0,1,0,0,0,0,0,1,0,0,1,0,0,0,0,0,0,0,0,0,1711,2951,234,747,0,0,0,5643,0,0,0,0,0,0,0,5643,1998,16,0,0,0,0,0,0,0,1,94,1,3,5469673,36,24,3.05,35,3.32,80,39,3.35,40,3.4,3.4,3,3.5,7,0.24
14890558,3800558,300558,300558,0,0,1,3500000,0,0,,1,0,0,1,0,1,0,0,0,0,0,0,0,0,1,0,0,1,0,0,0,0,0,0,111,244,37,0,0,0,0,392,0,0,0,0,0,0,0,392,2008,6,0,0,0,0,0,0,0,1,94,1,3,5469673,36,24,3.05,35,3.32,80,39,3.35,40,3.4,3.4,3,3.5,7,0.24
35250000,35406747,406747,250000,192800,0,2,35000000,1,1,,3,0,1,3,1,0,0,0,1,0,1,1,0,0,1,1,0,0,0,1,0,0,0,0,3,249,111,67,0,0,0,430,3,37,38,29,0,0,107,323,2004,10,0,0,0,0,0,0,0,1,52,2,1,5279656,21,12.4,3,15,2.95,37,23,2.98,0,3,3,3,3,6,0
1238355,680155,656155,656155,0,0,1,24000,1,0,,0,0,0,1,0,1,0,0,0,0,1,1,0,0,1,0,1,0,1,0,4,0,0,0,4,0,67,0,0,0,0,71,0,0,45,0,0,0,45,26,2004,10,0,0,0,0,0,0,0,1,30,2,2,957376,24,7.8,2.05,0,1.74,14,0,1.65,0,2.2,2.2,2,2,4,0.16
229285,229285,229285,229285,0,0,1,0,0,0,,0,0,0,0,0,1,0,0,1,1,1,1,0,0,0,0,0,1,1,0,0,0,0,0,102,8,57,30,11,0,0,208,0,0,0,0,0,0,0,208,1997,17,0,0,1,0,0,0,0,0,30,3,2,957376,24,7.8,2.05,0,1.74,14,0,1.65,0,2.2,2.2,2,2,4,0.16
2461655010,230725000,725000,725000,0,0,1,230000000,1,0,,3,0,0,39,0,0,0,0,0,0,0,1,1,0,1,0,0,0,0,1,0,1,0,0,21,31,14,75,1084,27,70,1322,0,0,0,0,0,0,0,1322,1994,20,0,0,0,0,0,0,0,1,95,1,2,12195663,67.11,24.97,3.05,32,3.17,79,20,2.96,73,3.73,3.73,4,4,8,0.2
56564769,25514769,514769,514769,0,0,1,25000000,1,0,,5,0,1,30,0,0,0,0,0,0,0,0,0,0,1,0,0,0,0,0,0,0,0,0,39,43,11,38,0,0,0,131,0,0,0,0,0,0,0,131,1996,18,0,0,0,0,0,0,0,1,95,1,2,12195663,67.11,24.97,3.05,32,3.17,79,20,2.96,73,3.73,3.73,4,4,8,0.2
15708000,13900000,12000000,12000000,0,0,1,1900000,0,0,,0,0,0,19,0,1,0,1,0,0,0,1,0,0,1,0,0,0,0,0,0,0,0,0,2234,918,289,59,305,16,0,3821,0,0,0,0,0,0,0,3821,1994,20,0,0,0,0,0,0,1,0,109,5,4,18821185,80.33,30.5,2.75,47,3.39,103,32,3.19,70,3.7,3.7,4,3.5,7,0.21
7753350,6500000,6500000,6500000,0,0,1,0,2,0,,0,0,0,7,0,0,0,0,0,0,0,1,0,0,1,0,1,0,1,0,0,0,0,0,366,20,19,14,18,0,0,437,0,0,0,0,0,0,0,437,2001,13,0,0,0,0,0,0,0,1,109,3,4,18821185,80.33,30.5,2.75,47,3.39,103,32,3.19,70,3.7,3.7,4,3.5,7,0.21
0,0,0,0,0,0,0,0,0,0,,8,0,0,0,0,1,1,0,1,0,1,0,0,0,0,1,1,0,1,1,0,0,0,90000000,13,2,23,166,43,74,0,321,0,0,0,0,0,0,0,321,1998,16,0,0,0,0,0,0,1,0,109,1,4,18821185,80.33,30.5,2.75,47,3.39,103,32,3.19,70,3.7,3.7,4,3.5,7,0.21
0,1798335,856350,856350,0,0,1,941985,1,0,,5,0,0,10,1,0,0,0,0,0,0,1,1,0,0,0,0,0,0,0,0,0,0,0,120,39,24,33,79,36,0,331,0,0,0,0,0,0,0,331,2004,10,0,0,0,0,0,0,0,1,109,1,4,18821185,80.33,30.5,2.75,47,3.39,103,32,3.19,70,3.7,3.7,4,3.5,7,0.21
4397172,6617133,2617133,397172,2730553,0,2,4000000,0,0,,2,0,0,0,0,1,1,0,1,0,0,1,0,0,1,0,1,0,0,0,0,0,0,0,4,10,100,291,0,0,0,405,0,0,0,0,0,0,0,405,1995,19,0,0,0,0,0,0,0,1,104,1,1,3053503,99,24.7,2.4,9,2.63,65,14,2.61,0,2.67,2.67,3,2.5,5,0.22
0,145356,145356,145356,0,0,1,0,1,1,,1,0,0,3,0,0,0,0,0,0,0,1,0,0,1,0,0,0,0,0,0,0,0,0,2379,338,200,7,4,0,0,2928,0,0,0,0,0,0,0,2928,2002,12,0,0,0,0,0,0,0,1,104,1,1,3053503,99,24.7,2.4,9,2.63,65,14,2.61,0,2.67,2.67,3,2.5,5,0.22
641000000,641000000,1000000,1000000,0,0,1,640000000,0,0,,10,0,0,0,0,1,0,0,2,0,0,0,0,0,1,0,1,0,1,0,0,0,0,0,1094,28,97,294,530,0,0,2043,0,0,0,0,0,0,0,2043,2001,13,0,0,0,0,0,1,0,0,184,1,6,23009358,130,54.6,3.35,48,3.36,183,37,3.19,87,3.87,3.87,4,4,8,0.12
18000000,24000000,0,0,0,0,0,24000000,1,0,,3,0,1,4,0,1,1,0,3,0,0,1,0,0,0,1,0,0,0,0,0,0,0,0,150,78,256,883,104,127,0,1598,0,0,0,0,0,0,0,1598,2002,12,0,1,0,0,0,0,0,0,184,1,6,23009358,130,54.6,3.35,48,3.36,183,37,3.19,87,3.87,3.87,4,4,8,0.12
425457844,263615738,457844,457844,0,0,1,263157894,1,0,,7,0,1,13,0,0,0,1,0,0,0,1,1,0,1,0,0,0,0,0,0,2,0,0,134,56,9204,3943,225,235,0,13797,0,0,0,0,0,0,0,13797,1999,15,0,0,0,0,0,0,0,1,184,1,6,23009358,130,54.6,3.35,48,3.36,183,37,3.19,87,3.87,3.87,4,4,8,0.12
0,0,0,0,0,0,0,0,1,0,,3,0,0,7,0,0,0,1,0,0,0,1,0,0,0,0,0,0,0,0,0,2,0,3000000,1565,116,3,9,5,33,0,1731,0,0,0,0,0,0,0,1731,1994,20,0,0,0,0,0,0,0,1,184,2,6,23009358,130,54.6,3.35,48,3.36,183,37,3.19,87,3.87,3.87,4,4,8,0.12
73400000,39400000,0,9700000,0,0,0,39400000,1,0,,3,0,1,11,1,1,0,0,0,0,0,0,0,0,0,0,0,0,0,0,1,2,0,0,887,34,2071,741,2313,0,0,6046,0,0,0,0,0,0,0,6046,1999,15,0,0,0,0,0,0,0,1,184,0,6,23009358,130,54.6,3.35,48,3.36,183,37,3.19,87,3.87,3.87,4,4,8,0.12
0,0,0,0,0,0,0,0,0,0,,5,0,1,32,0,1,0,0,1,1,1,1,1,0,0,0,1,0,1,1,1,3,0,400000000,4532,1262,603,1219,152,0,0,7768,0,0,0,0,0,0,0,7768,1993,21,0,0,0,0,0,0,0,1,184,0,6,23009358,130,54.6,3.35,48,3.36,183,37,3.19,87,3.87,3.87,4,4,8,0.12
1124036,1124036,124036,124036,0,0,1,1000000,0,1,,2,0,0,0,0,2,0,0,1,1,1,1,0,0,1,1,0,0,0,1,0,3,0,0,695,91,11,596,222,446,0,2061,0,0,0,0,0,0,0,2061,1998,16,0,0,0,1,0,0,0,0,42,1,2,929370,31,13,1.9,20,2.81,37,19,2.74,40,3.4,3.4,3,3.5,7,0.24
1180200,1174700,924700,924700,0,0,1,250000,1,1,,2,0,0,1,0,0,1,0,0,0,1,1,0,1,1,0,0,0,0,0,0,2,0,1500,44,30,17,40,9,31,0,171,0,0,0,0,0,0,0,171,1999,15,0,0,0,0,0,0,0,1,42,1,2,929370,31,13,1.9,20,2.81,37,19,2.74,40,3.4,3.4,3,3.5,7,0.24
3094000,3069368,3069368,3058000,0,21600,2,0,0,0,,3,0,0,1,0,0,0,0,0,0,0,1,0,0,1,0,0,1,0,0,0,0,0,0,24,5,38,31,161,27,0,286,0,0,0,0,0,0,0,286,2011,3,0,0,0,0,0,0,0,1,37,0,2,217229,7,12,0,4,1.91,23,5,2.35,0,1,1,1,1,2,0
184500,184000,184000,184000,0,0,1,0,0,1,,3,0,0,2,0,0,0,0,0,0,0,1,0,0,1,0,0,0,0,0,0,1,0,0,26,83,11,20,12,9,0,161,0,0,0,0,0,0,0,161,2003,11,0,0,0,0,0,0,0,1,37,1,2,217229,7,12,0,4,1.91,23,5,2.35,0,1,1,1,1,2,0
5041000,4453000,4453000,4453000,0,0,1,0,0,0,,7,0,1,6,1,0,0,0,0,0,0,1,0,0,1,0,0,0,0,0,0,2,0,0,378,395,269,301,294,586,0,2223,0,0,0,0,0,0,0,2223,1999,15,0,0,0,0,0,0,0,1,83,2,1,16124601,63,30.5,0,39,3.29,100,33,3.18,50,3.5,3.5,4,3.5,7,0.25
4567446,4022836,4022836,4022836,0,0,1,0,0,0,,2,0,0,1,0,0,0,0,0,0,0,1,0,0,1,0,0,0,0,0,0,0,0,0,103,27,42,12,17,0,0,201,0,0,0,0,0,0,0,201,2003,11,0,0,0,0,0,0,1,0,49,1,2,2886774,41,13,0,1,2.33,30,2,2.14,0,2.9,2.9,3,3,6,0.09
86000,1595560,1595560,0,1918000,68800,2,0,0,0,,1,0,0,0,0,0,1,0,0,0,0,1,1,0,0,0,0,0,0,0,0,0,0,0,11,84,121,50,119,10,0,395,0,0,0,0,0,0,0,395,2005,9,1,0,0,0,0,0,0,0,49,1,2,2886774,41,13,0,1,2.33,30,2,2.14,0,2.9,2.9,3,3,6,0.09
0,2317819,184819,184819,0,0,1,2133000,1,0,,1,0,1,1,1,1,0,0,0,0,0,1,1,1,0,0,0,0,0,0,0,1,0,0,0,5,12,0,0,0,0,17,0,0,0,0,0,0,0,17,1999,15,0,0,0,0,0,0,0,1,146,2,5,14830977,72.58,41.6,3.1,36,3.18,132,23,2.96,68,3.68,3.68,4,3.5,7,0.22
0,0,0,0,0,0,0,0,0,0,,2,0,0,4,0,0,0,0,0,2,0,1,1,0,0,0,0,0,0,0,0,0,0,100000000,15,0,18,8,13,10,0,64,0,0,0,0,0,0,0,64,2003,11,0,0,0,0,0,0,0,1,146,2,5,14830977,72.58,41.6,3.1,36,3.18,132,23,2.96,68,3.68,3.68,4,3.5,7,0.22
555000,555000,555000,555000,0,0,1,0,0,0,,2,0,0,0,1,0,0,0,1,1,0,1,1,1,0,0,0,0,0,0,0,0,0,13600,130,263,43,83,30,33,0,582,0,0,0,0,0,0,0,582,2001,13,0,0,0,0,0,0,1,0,146,2,5,14830977,72.58,41.6,3.1,36,3.18,132,23,2.96,68,3.68,3.68,4,3.5,7,0.22
200000002,81300813,81300813,0,100000000,0,1,0,0,0,,3,0,0,1,0,1,0,0,1,1,1,1,0,0,1,0,0,0,1,0,0,0,0,8000000,0,16,2,14,41,20,10,103,0,0,0,0,0,0,0,103,1997,17,0,0,0,0,0,1,0,0,146,0,5,14830977,72.58,41.6,3.1,36,3.18,132,23,2.96,68,3.68,3.68,4,3.5,7,0.22
16855000,16615000,615000,615000,0,0,1,16000000,0,0,,1,0,0,0,0,0,1,0,0,0,1,1,1,0,0,0,0,0,0,0,0,0,0,67,58,80,0,0,0,0,0,138,0,0,0,0,0,0,0,138,2007,7,0,0,0,1,0,0,0,0,146,2,5,14830977,72.58,41.6,3.1,36,3.18,132,23,2.96,68,3.68,3.68,4,3.5,7,0.22
400360,15760000,760000,760000,0,0,1,15000000,1,0,,2,0,1,4,0,0,0,0,0,3,0,1,0,0,1,0,0,0,0,0,0,1,0,0,184,25,4,0,0,0,0,213,0,0,0,0,0,0,0,213,1995,19,0,0,0,0,0,0,0,1,100,1,4,18944251,63.86,27.5,2.9,46,3.33,92,25,3.05,90,3.9,3.9,4,4,8,0.09
201031541,93731540,1031540,1031540,0,0,1,92700000,1,1,,4,0,0,1,0,0,1,0,0,0,1,1,0,1,1,0,0,0,0,0,7,0,2,17,77,3,4,5,0,0,0,89,0,0,0,0,0,0,0,89,2002,12,0,0,0,0,0,0,0,1,100,2,4,18944251,63.86,27.5,2.9,46,3.33,92,25,3.05,90,3.9,3.9,4,4,8,0.09
18227430,14948979,14948979,0,18387245,0,1,0,1,0,,18,0,1,9,1,0,1,1,0,0,0,1,0,1,0,0,0,0,0,0,0,0,0,800000,144,10,127,18,18,766,0,1083,0,0,0,0,0,0,0,1083,1996,18,0,0,0,0,0,0,0,1,100,4,4,18944251,63.86,27.5,2.9,46,3.33,92,25,3.05,90,3.9,3.9,4,4,8,0.09
1224850,1224770,1224770,1224770,0,0,1,0,0,0,,2,0,1,10,1,1,0,1,0,0,0,1,0,0,1,0,0,0,0,0,0,0,0,65000,65,74,678,66,74,28,0,985,0,0,0,0,0,0,0,985,1996,18,0,0,0,0,0,0,0,1,100,1,4,18944251,63.86,27.5,2.9,46,3.33,92,25,3.05,90,3.9,3.9,4,4,8,0.09
550000,220000,70000,70000,0,0,1,150000,1,0,,2,0,0,0,0,0,1,0,0,0,1,1,1,0,0,0,0,0,0,1,0,1,0,75000,12,154,112,19,80,4,0,381,0,0,0,0,0,0,0,381,1997,17,1,0,0,0,0,0,0,0,33,0,2,314685,11,9,0,0,1.52,14,0,1.39,0,2.2,2.2,2,2,4,0.16
352220,352220,352220,219700,163000,0,2,0,0,1,,1,0,0,1,0,0,0,0,0,0,0,0,0,0,0,0,0,1,0,0,0,0,0,0,36,4,6,0,2,45,0,93,0,0,0,0,0,0,0,93,2001,13,0,0,0,0,0,0,0,1,33,0,2,314685,11,9,0,0,1.52,14,0,1.39,0,2.2,2.2,2,2,4,0.16
3969251,1650056,450056,450056,0,0,1,1200000,0,0,,3,0,0,2,0,0,0,0,0,0,0,0,0,1,0,0,0,0,0,0,0,1,1,0,106,26,42,16,116,450,0,756,0,0,0,0,0,0,0,756,2003,11,0,0,0,1,0,0,0,0,31,1,2,1020804,14,10,2.5,8,2.3,23,13,2.68,0,1.4,1.4,1,1.5,3,0.24
36000,10800000,0,0,0,0,0,10800000,0,0,,1,0,0,2,0,0,0,0,0,0,0,0,0,1,1,0,0,0,0,0,0,0,0,0,35,38,74,37,0,17,0,201,0,0,0,0,0,0,0,201,1999,15,0,0,0,0,0,0,0,1,31,0,2,1020804,14,10,2.5,8,2.3,23,13,2.68,0,1.4,1.4,1,1.5,3,0.24
0,0,0,0,0,0,0,0,0,0,,1,0,0,0,0,1,0,0,0,0,1,1,1,0,0,0,0,0,0,0,0,0,0,5000000,1,6,149,1,14,23,0,194,0,0,0,0,0,0,0,194,1996,18,0,0,0,0,0,0,1,0,91,0,4,9361619,39,27.7,2.65,23,2.97,82,12,2.71,40,3.4,3.4,3,3.5,7,0.24
1437000,175014210,1100000,1100000,0,0,1,173914210,0,1,,2,0,0,2,0,0,0,0,0,0,0,1,0,0,1,0,0,0,0,0,0,0,0,0,9,50,2,17,310,50,0,438,0,0,0,0,0,0,0,438,2006,8,0,0,0,0,0,0,0,1,91,0,4,9361619,39,27.7,2.65,23,2.97,82,12,2.71,40,3.4,3.4,3,3.5,7,0.24
703388,703388,703388,703388,0,0,1,0,0,0,,0,0,0,0,0,0,1,0,1,0,0,1,1,1,0,0,0,0,0,1,0,1,0,500000,440,128,56,11,0,0,0,635,0,0,0,0,0,0,0,635,2003,11,0,0,0,0,0,0,1,0,91,2,4,9361619,39,27.7,2.65,23,2.97,82,12,2.71,40,3.4,3.4,3,3.5,7,0.24
4842984,4842984,4842984,4842984,0,0,1,0,0,0,,1,0,0,1,0,0,0,0,0,0,0,1,0,0,0,0,0,0,0,0,0,0,0,0,90,7,39,23,25,46,0,230,0,0,0,0,0,0,0,230,1995,19,0,0,0,0,0,0,0,1,91,1,4,9361619,39,27.7,2.65,23,2.97,82,12,2.71,40,3.4,3.4,3,3.5,7,0.24
18978079,4467399,1817399,1817399,0,0,1,2650000,2,1,,5,0,0,30,0,0,0,0,0,0,1,1,1,0,1,1,0,0,0,1,0,0,0,22000,248,75,919,439,376,26,176,2259,0,0,0,0,0,0,0,2259,2007,7,0,0,0,0,0,0,1,0,40,1,2,3712589,20,13,2.05,5,2.44,32,5,2.3,10,3.1,3.1,3,3,6,0.09
7509500,75550284,455284,0,560000,0,1,75095000,0,0,,2,0,0,2,0,0,1,0,0,0,0,1,0,0,1,1,0,1,0,1,0,0,0,18500,35,9,34,8,17,34,251,388,0,0,0,0,0,0,0,388,2008,6,0,0,0,0,0,0,0,1,40,1,2,3712589,20,13,2.05,5,2.44,32,5,2.3,10,3.1,3.1,3,3,6,0.09
931388,931098,631098,631098,0,0,1,300000,0,0,,1,0,1,7,0,0,0,0,0,1,0,1,0,0,1,0,0,0,0,0,0,0,0,0,13,57,63,0,0,0,0,133,0,0,0,0,0,0,0,133,2001,13,0,0,0,0,0,0,0,1,50,1,2,2105015,24,14.8,0,23,2.71,40,10,2.52,80,3.8,3.8,4,4,8,0.16
8853321,2456321,456321,456321,0,0,1,2000000,0,0,,1,0,0,40,1,0,1,0,0,0,1,1,0,1,1,1,0,0,0,1,0,10,0,0,7,1,23,73,19,24,0,147,0,0,0,0,0,0,0,147,2001,13,0,0,0,0,0,0,0,1,50,1,2,2105015,24,14.8,0,23,2.71,40,10,2.52,80,3.8,3.8,4,4,8,0.16
1000000,1000000,0,0,0,0,0,1000000,0,0,,2,0,0,11,0,0,0,1,0,0,0,0,0,0,1,0,0,0,0,0,0,0,0,0,72,145,36,19,11,98,0,381,0,0,0,0,0,0,0,381,1998,16,0,0,0,0,0,0,0,1,179,0,5,37447909,178.85,44.86,3.15,48,3.42,153,29,3.19,76,3.76,3.76,4,4,8,0.18
0,0,0,0,0,0,0,0,0,0,,0,0,0,27,1,1,1,1,0,4,0,1,0,0,0,0,0,0,0,0,0,1,0,0,669,197,595,452,1017,770,0,3700,0,0,0,0,0,0,0,3700,1998,16,0,0,0,0,0,0,0,1,179,0,5,37447909,178.85,44.86,3.15,48,3.42,153,29,3.19,76,3.76,3.76,4,4,8,0.18
215314000,0,0,0,0,0,0,19200000,2,0,,0,0,1,400,0,0,0,0,0,0,0,1,0,0,1,0,0,0,0,0,0,0,0,0,28,18,21,4,17,3,0,91,0,0,0,0,0,0,0,91,1993,21,0,1,0,0,0,0,0,0,179,0,5,37447909,178.85,44.86,3.15,48,3.42,153,29,3.19,76,3.76,3.76,4,4,8,0.18
24,0,0,0,0,0,0,0,1,0,,0,0,1,2,0,0,0,0,0,0,0,1,0,0,1,0,0,0,0,0,5,0,0,14000000,15,16,36,0,0,0,0,67,0,0,0,0,0,28,28,39,1995,19,0,0,0,0,0,0,0,1,179,0,5,37447909,178.85,44.86,3.15,48,3.42,153,29,3.19,76,3.76,3.76,4,4,8,0.18
8000000,20000000,0,0,0,0,0,20000000,3,0,,0,0,1,6,0,1,0,0,0,0,1,1,0,0,1,0,0,0,0,0,1,0,1,0,9265,3623,101,92,74,50,0,13205,0,0,0,0,0,0,0,13205,1993,21,0,0,0,0,0,0,0,1,179,1,5,37447909,178.85,44.86,3.15,48,3.42,153,29,3.19,76,3.76,3.76,4,4,8,0.18
28645000,46655081,46655081,38525000,10000000,0,2,0,0,0,,7,0,0,7,0,0,1,0,0,0,0,1,1,0,0,1,0,0,0,1,0,3,0,0,2,350,441,274,182,323,0,1572,0,0,0,0,0,0,0,1572,2003,11,1,0,0,0,0,0,0,0,153,3,2,19538000,118.27,42.85,3.1,37,3.24,139,22,3.02,48,3.48,3.48,3,3.5,7,0.25
22098938,22098938,22098938,22098938,0,0,1,0,0,0,,1,0,0,5,0,0,0,0,0,0,0,1,0,0,0,1,0,0,0,1,0,3,0,0,77,72,70,182,27,274,0,702,0,0,0,0,0,0,0,702,2006,8,1,0,0,0,0,0,0,0,153,2,2,19538000,118.27,42.85,3.1,37,3.24,139,22,3.02,48,3.48,3.48,3,3.5,7,0.25
2000000,3626016,3626016,2000000,2000000,0,2,0,0,0,,3,0,0,1,0,0,1,0,0,0,1,1,0,0,0,0,0,0,0,0,0,0,0,0,734,278,268,600,143,1434,0,3457,0,0,0,0,0,0,0,3457,2004,10,0,0,0,1,0,0,0,0,261,1,8,46272000,143.9,70.7,3.15,61,3.57,252,49,3.43,80,3.8,3.8,4,4,8,0.16
5000000,5000000,5000000,5000000,0,0,1,0,0,0,,1,0,0,15,0,1,1,0,0,1,1,1,0,0,0,0,0,0,0,0,0,0,2,1941,181,57,81,265,82,55,0,721,0,0,0,0,0,0,0,721,2007,7,0,0,0,1,0,0,0,0,261,3,8,46272000,143.9,70.7,3.15,61,3.57,252,49,3.43,80,3.8,3.8,4,4,8,0.16
3000000,3000000,0,0,0,0,0,3000000,1,0,,0,0,1,0,0,0,0,0,0,1,0,1,0,0,1,0,0,0,0,0,2,0,0,0,280,182,240,63,11,2,0,778,0,0,0,0,0,0,0,778,1998,16,0,1,0,0,0,0,0,0,261,0,8,46272000,143.9,70.7,3.15,61,3.57,252,49,3.43,80,3.8,3.8,4,4,8,0.16
50316000,9100000,5600000,5600000,0,0,1,3500000,1,0,,1,0,0,35,0,0,1,0,0,1,1,1,0,0,1,0,0,0,0,0,0,0,0,4500,88,121,11,5,10,10,0,245,0,0,0,0,0,0,0,245,1996,18,0,0,0,1,0,0,0,0,261,3,8,46272000,143.9,70.7,3.15,61,3.57,252,49,3.43,80,3.8,3.8,4,4,8,0.16
0,0,0,0,0,0,0,0,0,0,,3,0,0,2,0,0,0,2,0,0,0,1,0,0,0,0,0,0,0,0,0,0,0,300000,5,908,13,373,0,0,0,1299,0,0,0,0,0,0,0,1299,2007,7,0,0,0,0,0,0,0,1,261,1,8,46272000,143.9,70.7,3.15,61,3.57,252,49,3.43,80,3.8,3.8,4,4,8,0.16
0,9473684,0,0,0,0,0,9473684,0,0,,2,0,0,10,0,0,0,1,0,2,0,1,1,0,1,0,0,0,0,0,0,1,0,0,7,11303,3950,0,0,0,0,15260,6219,2667,0,0,0,0,8886,6374,1992,22,0,0,0,0,0,0,0,1,261,0,8,46272000,143.9,70.7,3.15,61,3.57,252,49,3.43,80,3.8,3.8,4,4,8,0.16
7970000,2873000,2873000,2873000,0,0,1,0,0,0,,1,0,0,7,1,1,1,0,0,1,0,1,1,0,1,1,0,0,1,0,0,0,0,45000000,1934,311,90,45,184,11,0,2575,1150,0,0,0,0,0,1150,1425,1999,15,0,1,0,0,0,0,0,0,261,2,8,46272000,143.9,70.7,3.15,61,3.57,252,49,3.43,80,3.8,3.8,4,4,8,0.16
5000000,3000000,2000000,2000000,0,0,1,1000000,2,0,,1,0,0,6,0,1,1,0,0,0,0,1,0,0,1,0,0,0,0,0,0,1,0,240,65,9,21,7,14,67,0,183,0,0,0,0,0,0,0,183,1995,19,0,0,0,0,0,0,0,1,261,2,8,46272000,143.9,70.7,3.15,61,3.57,252,49,3.43,80,3.8,3.8,4,4,8,0.16
1710,2927226,244299,0,300488,0,1,2682927,0,0,,0,0,0,1,1,0,0,0,0,0,0,1,0,0,0,0,0,0,0,0,0,0,0,0,12,103,20,14,3,9,0,161,0,0,0,0,0,0,0,161,2005,9,0,0,0,0,0,0,1,0,54,0,2,588574,19,14.4,2.05,8,2.34,34,13,2.52,0,2.4,2.4,2,2,4,0.24
43759846,4445000,445000,445000,0,0,1,4000000,0,0,,9,0,0,0,0,1,0,0,0,0,0,1,0,0,1,0,0,0,0,0,0,1,0,0,45,126,18,18,78,51,0,336,0,0,0,0,0,0,0,336,1993,21,0,0,0,0,0,0,0,1,54,2,2,588574,19,14.4,2.05,8,2.34,34,13,2.52,0,2.4,2.4,2,2,4,0.24
0,126043000,2543000,2543000,0,0,1,123500000,0,0,,0,0,0,0,1,0,1,1,1,1,1,1,1,0,1,0,0,0,0,0,0,0,0,500000,4,18,2,14,2,12,0,52,0,0,0,0,0,0,0,52,2002,12,0,0,0,0,0,0,0,1,110,0,4,11016614,38.84,31.1,2.95,13,2.87,89,14,2.89,0,2.5,2.5,3,2.5,5,0.25
3646404,3646404,3646404,3646404,0,0,1,0,0,0,,0,0,0,0,0,1,1,1,1,0,1,1,1,0,1,1,1,0,0,1,0,0,0,1867,192,13,579,41,215,0,0,1040,0,0,0,0,0,0,0,1040,1997,17,0,0,0,0,0,0,0,1,110,3,4,11016614,38.84,31.1,2.95,13,2.87,89,14,2.89,0,2.5,2.5,3,2.5,5,0.25
2088452,2088452,2088452,2088452,0,0,1,0,0,0,,0,0,0,1,1,0,0,0,0,0,0,1,0,0,0,0,0,0,0,0,0,1,0,0,8,25,114,19,75,25,0,266,7,18,60,7,52,9,0,266,2003,11,0,0,0,0,0,0,0,1,110,0,4,11016614,38.84,31.1,2.95,13,2.87,89,14,2.89,0,2.5,2.5,3,2.5,5,0.25
242000,242000,242000,242000,0,0,1,0,0,0,,1,0,0,0,1,0,1,0,0,0,1,0,1,0,0,1,0,0,0,1,0,0,0,0,34,134,59,67,22,26,0,342,0,0,0,0,0,0,0,342,2009,5,0,0,0,0,0,0,1,0,110,1,4,11016614,38.84,31.1,2.95,13,2.87,89,14,2.89,0,2.5,2.5,3,2.5,5,0.25
1522407,1002398,1002398,1002398,0,0,1,0,0,0,,5,1,0,4,1,0,1,0,0,0,1,1,0,0,0,0,0,0,0,0,1,2,0,0,21,49,47,29,50,33,0,229,0,0,0,0,0,0,0,229,1993,21,0,0,0,0,0,0,0,1,41,1,1,9361265,26,11.7,2.75,32,3.11,36,22,2.9,50,3.5,3.5,4,3.5,7,0.25
1620000,1070000,441000,441000,0,0,1,629000,0,1,,2,0,0,3,0,0,0,1,0,0,0,0,0,1,1,0,0,0,0,0,0,0,0,40000,1667,150,55,1391,102,17,0,3382,0,0,0,0,0,0,0,3382,2002,12,0,0,0,0,0,0,0,1,68,2,3,4093581,30,18.2,0,16,2.77,50,12,2.65,40,3.4,3.4,3,3.5,7,0.24
3081196,1089400,1089400,1089400,0,0,1,0,0,0,,2,0,0,7,0,0,0,0,0,0,1,1,0,1,1,1,0,0,0,1,0,1,1,285426,35,36,94,24,32,24,0,245,0,0,0,0,0,0,0,245,2002,12,0,0,0,0,0,0,0,1,68,2,3,4093581,30,18.2,0,16,2.77,50,12,2.65,40,3.4,3.4,3,3.5,7,0.24
3000000,9747967,9747967,3000000,8300000,0,2,0,0,0,,5,0,0,7,1,1,0,1,4,1,1,1,0,0,0,0,0,0,1,1,0,0,0,0,86,7,20,20,138,33,0,304,35,6,18,13,5,0,77,227,2009,5,0,0,0,0,0,0,1,0,68,2,3,4093581,30,18.2,0,16,2.77,50,12,2.65,40,3.4,3.4,3,3.5,7,0.24
1993004,1893000,1893000,1893000,0,0,1,1000000000,1,1,,2,0,1,4,0,1,1,0,0,0,0,1,0,0,1,0,0,0,0,0,1,2,0,3120,23,69,51,15,3,18,0,179,110,22,0,0,0,0,132,47,2000,14,0,0,0,0,0,0,0,1,104,1,2,6735011,24,21.2,2.65,12,2.82,60,13,2.78,13,3.13,3.13,3,3,6,0.12
195713000,75268000,68000,68000,0,0,1,75200000,1,0,,1,0,0,0,1,0,0,0,0,0,0,0,0,0,1,0,0,0,0,0,0,0,0,0,108,108,252,443,59,97,0,1067,20,48,111,139,17,15,350,717,2004,10,0,0,0,0,0,0,0,1,104,1,2,6735011,24,21.2,2.65,12,2.82,60,13,2.78,13,3.13,3.13,3,3,6,0.12
22460,325842,325842,22460,373160,0,2,0,0,0,,2,0,0,1,1,0,1,1,0,0,1,1,1,0,0,0,0,0,0,0,0,0,0,31518,40,16,17,9,0,0,0,82,0,0,0,0,0,0,0,82,2006,8,0,0,0,0,0,0,1,0,157,2,2,11364480,56.5,40.6,3,29,3.13,127,29,3.04,52,3.52,3.52,4,3.5,7,0.25
263896,452000,262000,262000,0,0,1,190000,1,0,,2,0,2,3,0,1,1,0,0,0,1,1,0,0,1,0,0,0,0,0,3,0,1,20000,64,345,120,47,61,6,0,643,0,0,0,0,0,0,0,643,1994,20,0,0,0,0,0,0,0,1,157,1,2,11364480,56.5,40.6,3,29,3.13,127,29,3.04,52,3.52,3.52,4,3.5,7,0.25
542695,563020,563020,542695,25000,0,2,0,0,0,,1,0,0,1,0,0,0,0,0,0,0,0,0,0,0,0,0,0,1,0,3,0,0,0,254,92,134,20,67,32,0,599,200,65,92,15,24,16,412,187,1997,17,0,0,0,0,0,0,0,1,32,1,2,1463942,10.5,14,2.6,6,2.52,35,3,2.41,20,3.2,3.2,3,3,6,0.16
525906,525906,525906,525906,0,0,1,0,1,0,,1,0,0,3,1,0,1,0,0,0,0,1,0,0,0,0,0,0,0,0,0,1,0,0,247,620,122,303,8,1467,0,2767,130,320,98,200,0,500,1248,1519,1993,21,0,0,0,0,0,0,0,1,32,1,2,1463942,10.5,14,2.6,6,2.52,35,3,2.41,20,3.2,3.2,3,3,6,0.16
0,0,0,0,0,0,0,0,0,0,,0,0,0,1,0,0,0,0,0,0,0,1,0,0,0,0,0,0,0,0,0,0,0,0,7,12,2,0,31,0,0,52,0,0,0,0,0,0,0,52,2008,6,0,0,0,0,0,0,0,1,16,0,2,478132,17,4,0,4,2.11,8,6,2.56,0,1.1,1.1,1,1,2,0.09
3076000,1700000,0,0,0,0,0,1700000,0,1,,0,0,0,0,0,1,0,0,0,0,0,1,0,0,0,0,0,0,0,0,0,1,0,0,35,54,62,402,153,58,0,764,0,0,0,0,0,0,0,764,2003,11,0,0,0,0,0,0,1,0,16,1,2,478132,17,4,0,4,2.11,8,6,2.56,0,1.1,1.1,1,1,2,0.09
3361213,98361213,3361213,3361213,0,0,1,95000000,1,0,,2,0,0,3,0,0,0,0,1,0,0,1,0,0,1,0,1,1,0,0,0,0,0,0,130,120,593,79,44,0,0,966,0,0,0,0,0,0,0,966,2001,13,0,0,1,0,0,0,0,0,201,3,6,50133093,164,49.45,3.2,56,3.5,173,43,3.34,73,3.73,3.73,4,4,8,0.2
408212,7029350,1029350,408212,764000,0,2,6000000,0,0,,5,0,0,5,0,0,0,0,0,0,0,1,0,1,1,0,0,0,0,0,4,1,0,0,163,54,38,73,9,39,0,376,0,0,0,0,0,0,0,376,1995,19,0,0,0,0,0,0,0,1,201,2,6,50133093,164,49.45,3.2,56,3.5,173,43,3.34,73,3.73,3.73,4,4,8,0.2
2969778,2969778,2969778,2969778,0,0,1,0,0,0,,1,0,0,5,0,0,0,0,0,0,0,0,0,1,1,0,0,1,0,0,0,0,0,0,342,80,49,8,39,209,0,727,0,0,0,0,0,0,0,727,1995,19,0,0,0,0,0,0,0,1,201,2,6,50133093,164,49.45,3.2,56,3.5,173,43,3.34,73,3.73,3.73,4,4,8,0.2
21930470,1762816,1762816,1330470,531786,0,2,17000000,1,0,,2,0,0,25,0,1,1,0,1,0,1,1,0,1,1,0,0,0,1,1,2,0,40,0,478,1985,346,963,253,0,0,4025,0,0,0,0,0,0,0,4025,1999,15,0,0,0,0,0,0,0,1,201,1,6,50133093,164,49.45,3.2,56,3.5,173,43,3.34,73,3.73,3.73,4,4,8,0.2
23894372,44979933,44979933,8894372,44385241,0,2,0,1,0,,5,0,1,6,0,1,1,1,0,0,1,1,1,1,1,0,0,0,0,0,0,2,0,6000,119,27,115,69,150,0,0,480,0,0,0,0,0,0,0,480,2001,13,0,0,0,0,0,0,0,1,201,3,6,50133093,164,49.45,3.2,56,3.5,173,43,3.34,73,3.73,3.73,4,4,8,0.2
9173405,9173405,9173405,9173405,0,0,1,0,1,0,,2,0,0,1,0,1,1,0,0,0,1,1,0,0,0,0,0,0,0,0,4,1,0,0,57,405,102,27,23,0,0,614,0,0,0,0,0,0,0,614,2004,10,0,0,0,0,0,0,0,1,201,2,6,50133093,164,49.45,3.2,56,3.5,173,43,3.34,73,3.73,3.73,4,4,8,0.2
0,0,0,0,0,0,0,0,0,0,,2,0,0,0,0,0,0,0,0,0,0,0,0,0,0,0,0,0,0,0,0,0,0,0,7,6,49,223,20,41,0,346,0,0,0,0,0,0,0,346,2004,10,0,0,0,0,0,0,1,0,34,1,2,1213042,3,10,1.65,0,1.51,15,0,1.77,0,1.1,1.1,1,1,2,0.09
0,0,0,0,0,0,0,0,0,4,,0,0,0,0,0,0,0,0,0,0,0,0,0,0,0,0,0,0,0,0,0,0,0,0,39,17,8,10,7,1,0,82,0,0,0,0,0,0,0,82,2005,9,0,0,0,0,0,0,0,1,34,0,2,1213042,3,10,1.65,0,1.51,15,0,1.77,0,1.1,1.1,1,1,2,0.09
0,0,0,0,0,0,0,0,0,0,,0,0,0,0,0,0,1,0,0,0,0,1,0,0,0,0,0,0,0,0,0,0,0,0,1,0,0,0,0,0,0,1,0,0,0,0,0,0,0,1,2009,5,0,0,0,0,0,0,1,0,26,0,2,187909,3.5,7,1.75,0,2.1,15,0,2.46,0,1.5,1.5,2,1.5,3,0.25
88927208,0,0,0,0,0,0,0,0,0,,1,0,0,0,0,0,1,0,0,0,0,1,1,0,0,0,0,0,0,0,0,0,0,0,10,12,17,0,0,0,0,39,0,0,0,0,0,0,0,39,2009,5,0,0,0,1,0,0,0,0,26,0,2,187909,3.5,7,1.75,0,2.1,15,0,2.46,0,1.5,1.5,2,1.5,3,0.25
2632058,82658465,2658465,2658465,0,0,1,80000000,0,1,,5,0,1,0,0,0,0,0,1,0,0,1,0,1,1,0,0,0,0,0,0,0,0,1440,5,0,3,1,2359,0,0,2368,0,0,0,0,0,0,0,2368,2008,6,0,1,0,0,0,0,0,0,44,0,2,2409000,17,14,2,4,2.16,30,7,2.41,0,1.5,1.5,2,1.5,6,0.25
438000000,10330344,8330344,565352,9550941,0,2,2000000,0,1,,8,0,0,0,1,0,1,0,1,0,0,1,1,1,1,0,0,0,0,0,0,1,0,8000,149,2359,217,34,238,113,0,3110,0,0,0,0,0,0,0,3110,2007,7,0,0,0,0,0,0,1,0,44,1,2,2409000,17,14,2,4,2.16,30,7,2.41,0,1.5,1.5,2,1.5,6,0.25
1000,96000000,0,0,0,0,0,96000000,1,0,,1,0,1,1,0,0,0,0,0,0,0,1,0,0,1,0,0,0,0,0,0,1,0,0,204,72,14,8,4,6,0,308,0,0,0,0,0,0,0,308,2004,10,0,1,0,0,0,0,0,0,92,0,3,5243587,45,24,2.95,11,2.92,70,15,2.86,0,3,3,3,3,6,0
11600000,0,0,0,0,0,0,0,1,0,,1,0,0,15,1,0,0,0,0,0,0,1,0,1,1,0,0,0,0,0,0,1,0,0,135,78,6,40,54,18,17,348,0,0,0,0,0,0,0,348,2002,12,0,0,0,0,0,0,0,1,92,1,3,5243587,45,24,2.95,11,2.92,70,15,2.86,0,3,3,3,3,6,0
10444920,11668153,68153,68153,0,0,1,11600000,0,0,,3,0,0,0,0,1,0,0,3,0,0,1,0,0,0,0,1,0,1,0,0,1,0,0,15,3,80,27,6,0,0,131,0,0,0,0,0,0,0,131,2004,10,0,0,0,0,0,0,1,0,92,1,3,5243587,45,24,2.95,11,2.92,70,15,2.86,0,3,3,3,3,6,0
0,0,0,0,0,0,0,0,0,0,,1,0,0,8,0,0,0,0,0,0,0,1,0,1,1,0,0,0,0,0,0,0,0,0,2,783,311,585,847,0,0,2528,0,0,0,0,0,0,0,2528,1994,20,0,0,0,0,0,0,0,1,139,1,4,19008751,100.5,34.8,2.95,44,3.34,116,26,3.09,80,3.8,3.8,4,4,8,0.16
200000,10444920,244920,244920,0,0,1,10200000,0,1,,0,0,0,5,0,0,0,0,0,2,0,1,0,1,1,0,0,0,0,0,0,0,0,0,1494,125,66,168,751,0,0,2604,0,0,0,0,0,0,0,2604,1993,21,0,0,0,0,0,0,0,1,139,2,4,19008751,100.5,34.8,2.95,44,3.34,116,26,3.09,80,3.8,3.8,4,4,8,0.16
0,0,0,0,0,0,0,0,0,0,,0,0,0,17,0,1,1,0,0,1,0,1,0,0,0,0,1,0,1,0,0,1,0,0,67,94,120,201,81,63,0,626,0,0,0,0,0,0,0,626,1994,20,0,1,0,0,0,0,0,0,139,2,4,19008751,100.5,34.8,2.95,44,3.34,116,26,3.09,80,3.8,3.8,4,4,8,0.16
10000,322077,122077,0,150155,0,1,200000,1,0,,3,0,0,5,0,0,0,0,0,0,0,1,0,0,1,0,0,0,0,0,0,1,0,0,446,107,74,81,8,0,0,716,0,0,0,0,0,0,0,716,2002,12,0,1,0,0,0,0,0,0,139,3,4,19008751,100.5,34.8,2.95,44,3.34,116,26,3.09,80,3.8,3.8,4,4,8,0.16
9269000,10000,0,0,0,0,0,10000,0,0,,1,0,0,1,0,1,1,0,0,1,0,1,0,0,1,0,0,0,0,0,0,1,0,0,1266,283,93,253,54,0,0,1949,0,0,0,0,0,0,0,1949,1993,21,0,0,0,0,0,0,1,0,120,1,3,18818423,114,33,3.05,36,3.26,108,30,3.16,50,3.5,3.5,4,3.5,7,0.25
55000,1871000,0,0,0,0,0,1871000,0,0,,1,0,0,0,0,0,1,0,0,2,0,1,0,0,0,1,0,0,0,1,0,1,0,25000,8,13,8,0,5,0,0,34,0,0,0,0,0,0,0,34,2007,7,0,0,0,0,0,0,0,1,120,1,3,18818423,114,33,3.05,36,3.26,108,30,3.16,50,3.5,3.5,4,3.5,7,0.25
0,0,0,0,0,0,0,0,0,0,,3,0,0,0,0,0,1,0,0,2,1,1,0,0,0,0,0,0,0,1,0,1,0,0,0,670,4,18,0,0,0,692,0,0,0,0,0,0,0,692,1993,21,0,0,0,0,0,0,0,1,120,1,3,18818423,114,33,3.05,36,3.26,108,30,3.16,50,3.5,3.5,4,3.5,7,0.25
,400000,0,0,0,0,1,400000,1,0,,2,0,0,0,0,1,1,0,1,0,1,1,0,0,0,1,1,0,1,1,0,0,0,0,46,23,13,315,280,738,0,1415,0,0,0,0,0,0,0,1415,1997,17,0,0,0,0,1,0,0,0,120,0,3,18818423,114,33,3.05,36,3.26,108,30,3.16,50,3.5,3.5,4,3.5,7,0.25
966400004,44715,44715,0,55000,0,1,0,0,0,,3,0,0,2,0,0,1,0,0,0,0,0,1,0,0,1,0,0,0,1,0,2,0,0,18,387,133,8,0,0,0,546,0,0,0,0,0,0,0,546,2007,7,0,0,0,0,0,0,1,0,85,1,3,5101039,14,19.3,2.7,15,2.79,54,12,2.59,27,3.27,3.27,3,3.5,7,0.2
2510000,500301452,301452,301452,0,0,1,500000000,0,1,,4,0,0,9,0,1,1,0,1,0,0,0,0,0,1,1,0,1,0,0,0,0,0,0,2,0,187,1,17,258,0,465,0,0,0,0,0,0,0,465,1999,15,0,1,0,0,0,0,0,0,85,1,3,5101039,14,19.3,2.7,15,2.79,54,12,2.59,27,3.27,3.27,3,3.5,7,0.2
326904,2510000,10000,10000,0,0,1,2500000,2,0,,4,0,0,0,0,0,1,0,0,0,0,1,1,0,1,0,0,0,0,1,2,3,0,3000000,7,10,4,0,12,4,0,37,0,0,0,0,0,0,0,37,2000,14,0,0,0,0,0,0,1,0,85,0,3,5101039,14,19.3,2.7,15,2.79,54,12,2.59,27,3.27,3.27,3,3.5,7,0.2
0,0,0,0,0,0,0,0,0,0,,0,0,0,0,0,1,1,1,1,0,0,1,1,0,0,1,0,0,0,1,0,0,0,0,36,147,12,16,153,2,0,366,0,0,0,0,0,0,0,366,1999,15,0,0,0,0,0,0,1,0,46,0,2,4735835,20,10.7,2,3,2.52,27,4,2.41,0,2.9,2.9,3,3,6,0.09
37537000,576904,576904,326904,0,475000,2,0,0,0,,3,0,0,5,1,1,1,0,0,2,0,1,0,0,1,0,0,0,0,0,0,0,0,0,89,25,75,35,40,1150,0,1414,0,0,0,0,0,0,0,1414,2005,9,0,0,1,0,0,0,0,0,46,2,2,4735835,20,10.7,2,3,2.52,27,4,2.41,0,2.9,2.9,3,3,6,0.09
254001,12063316,1537000,1537000,0,0,1,10526316,1,0,,6,0,0,0,0,0,0,0,0,0,0,0,0,0,0,0,0,0,0,0,0,1,0,0,17,31,67,32,148,25,0,320,0,0,0,0,0,0,0,320,1995,19,0,1,0,0,0,0,0,0,83,4,3,8723319,23,24.8,2.95,21,2.93,73,25,2.98,23,3.23,3.23,3,3,6,0.18
3505293,1662515,662515,254000,496000,10000,3,1000000,0,0,,3,0,0,0,0,0,0,0,0,0,0,0,0,0,0,0,0,0,0,0,0,0,0,0,11,76,29,12,85,1,0,214,0,0,0,0,0,0,0,214,2003,11,0,0,0,0,0,0,0,1,83,3,3,8723319,23,24.8,2.95,21,2.93,73,25,2.98,23,3.23,3.23,3,3,6,0.18
15980000,15480000,15480000,15480000,0,0,1,0,0,0,,1,0,0,0,0,0,0,1,0,0,0,0,0,0,0,0,0,0,0,0,2,1,0,0,5,59,10,110,20,497,0,701,0,0,0,0,0,0,0,701,2004,10,0,0,0,0,0,0,1,0,83,2,3,8723319,23,24.8,2.95,21,2.93,73,25,2.98,23,3.23,3.23,3,3,6,0.18
27180000,15150000,13500000,13500000,0,0,1,1650000,1,0,,3,0,0,2,0,1,0,0,1,0,0,0,0,0,0,0,0,0,0,0,0,0,0,0,117,63,104,84,63,524,0,955,0,0,0,0,0,0,0,955,2003,11,0,0,0,0,0,0,1,0,187,1,5,39453580,140.4,44.2,3.2,44,3.18,141,31,2.91,84,3.84,3.84,4,4,8,0.13
272028000,14260325,11960325,9440000,3100000,0,2,2300000,1,0,,9,0,0,9,0,1,1,1,1,6,0,0,0,0,0,0,0,0,0,0,2,0,0,0,2436,424,451,3,4,878,0,4196,0,0,0,0,0,0,0,4196,2004,10,0,0,0,0,0,0,1,0,187,2,5,39453580,140.4,44.2,3.2,44,3.18,141,31,2.91,84,3.84,3.84,4,4,8,0.13
31465001,5677105,2677105,2108000,700000,0,2,3000000,2,0,,5,0,0,5,0,1,1,1,1,1,0,0,0,0,0,0,0,0,0,0,0,0,0,0,120,515,57,129,23,545,0,1389,0,0,0,0,0,0,0,1389,1994,20,0,0,0,0,0,0,1,0,187,5,5,39453580,140.4,44.2,3.2,44,3.18,141,31,2.91,84,3.84,3.84,4,4,8,0.13
246780007,29795000,12710000,12710000,0,0,1,17085000,0,1,,2,0,0,2,1,1,1,0,1,0,0,0,0,0,0,0,0,0,0,0,2,1,0,0,177,63,44,254,16,1489,0,2043,0,0,0,0,0,0,0,2043,1998,16,0,0,0,0,0,0,0,1,187,1,5,39453580,140.4,44.2,3.2,44,3.18,141,31,2.91,84,3.84,3.84,4,4,8,0.13
,16150010,6150010,6150010,0,0,1,10000000,0,0,,3,0,0,1,1,1,1,1,7,2,0,0,0,0,0,0,0,0,0,0,0,1,0,0,4,2439,122,78,231,325,0,3199,0,0,0,0,0,0,0,3199,2000,14,0,0,0,0,0,1,0,0,187,1,5,39453580,140.4,44.2,3.2,44,3.18,141,31,2.91,84,3.84,3.84,4,4,8,0.13
,547154,547154,100000,550000,0,2,0,0,0,,1,0,0,1,0,0,0,0,0,0,0,0,0,0,0,0,0,0,0,0,1,0,0,0,448,46,98,48,69,160,0,869,0,0,0,0,0,0,0,869,2001,13,0,0,0,0,0,0,0,1,43,1,2,2195626,29.67,12.7,2.5,3,2.48,31,5,2.75,0,2,2,2,2,4,0
,362601,362601,0,446000,0,1,0,0,0,,1,0,0,1,0,0,0,0,0,0,0,0,0,0,0,0,0,0,0,0,0,0,0,0,4,11,2,10,0,0,0,27,0,0,0,0,0,0,0,27,2007,7,0,0,0,0,0,0,0,1,43,1,2,2195626,29.67,12.7,2.5,3,2.48,31,5,2.75,0,2,2,2,2,4,0